,SKU ,VARIANTS,Product Name,Category,Image,Component name,QTY,Unit Measurement,Unit cost,Total,USD,Artisan cost,Total Cost,Artisan skill level needed,Complexity,Number of processes,Basic techniques,Special techniques,Labour Cost,Material cost,cost
1,SS171001N,,Sawa Ring,Ring,,,,,,,103.9,,1.19,Medium,High,,,,,,
,,,,,,Gauge 13 band,5.15,cm,0.44,2.266,$0.02,,,,,,,,,,
,,NATURAL,,,,Horn bead,0.8,cm,50,40,$0.38,,,,,,,,,,
,,,,,,Labour,2.5,hrs,87.5,218.75,$2.11,,,,,,,,,,
,,,,,,mark up,1,,50,50,$0.48,,,,,,,,,,
,,,,,,,,,,0,$0.00,350,416.5,,,,,,,,
,,,,,,,,,187.94,311.016,$2.99,,0,,,,,,0,,0
2,SS170002B,BLACK,Sawa Drop Hoop Earring,Earring,,Gauge 16 wire,9.51,cm,0.17,1.6167,$0.02,,0,,,,,,,,
,,,,,,1cm horn bead,1,cm,50,50,$0.48,,0,,,,,,,,
,,,,,,Labour,2,hr,87.5,175,$1.68,,0,,,,,,,,
,,,,,,Mark up,1,,50,50,$0.48,,0,,,,,,,,
,,,,,,,,,,0,$0.00,,0,,,,,,,,
,,,,,,,,,,0,$0.00,,0,,,,,,,,
,,,,,,,,,187.67,276.6167,$2.66,500,595,,,,,,,,0
3,SS170101,,Pia Pendant,Necklace,,,,,,,$0.00,,0,,,,,,,,
,,,,,,upcycled brass ,5,gms,0.406,2.03,$0.02,,0,,,,,,,,
,,,,,,Labour,4,hrs,87.5,350,$3.37,,0,,,,,,,,
,,,,,,markup,1,,50,50,$0.48,,0,,,,,,,,
,,,,,,,,,,0,$0.00,,0,,,,,,,,
,,,,,,,,,,0,$0.00,,0,,,,,,,,
,,,,,,,,,137.906,402.03,$3.87,400,476,,,,,,,,0
4,SS170003B,BLACK,Dot Drop Earrings,Earring,,Wire gauge 16,4.5,cm,0.17,0.765,$0.01,,0,,,,,,,,
,,,,,,1cm bead,1,cm,50,50,$0.48,,0,,,,,,,,
,,,,,,Labour,2,hrs,87.5,175,$1.68,,0,,,,,,,,
,,,,,,Markup,1,ksh,50,50,$0.48,,0,,,,,,,,
,,,,,,,,,,0,$0.00,,0,,,,,,,,
,,,,,,,,,,0,$0.00,,0,,,,,,,,
,,,,,,,,,187.67,275.765,$2.65,500,595,,,,,,,,0
5,SS170023,,Stem Cuff,Bracelet,,,,,,,$0.00,,0,,,,,,,,
,,,,,,Upcucled brass,25,gms,0.406,10.15,$0.10,,0,,,,,,,,
,,,,,,Labour,5,hrs,87.5,437.5,$4.21,,0,,,,,,,,
,,,,,,Mark up,1,,50,50,$0.48,,0,,,,,,,,
,,,,,,,,,,0,$0.00,,0,,,,,,,,
,,,,,,,,,,0,$0.00,,0,,,,,,,,
,,,,,,,,,137.906,497.65,$4.79,600,714,,,,,,,,0
6,SS170017,,Layered Strand Cuff,Bracelet,,,,,,0,$0.00,,0,,,,,,,,
,,,,,,wire gauge 11,36,cm,1.12,40.32,$0.39,,0,,,,,,,,
,,,,,,labour,5,hrs,87.5,437.5,$4.21,,0,,,,,,,,
,,,,,,mark up,1,,150,150,$1.44,,0,,,,,,,,
,,,,,,,,,,0,$0.00,,0,,,,,,,,
,,,,,,,,,,627.82,$6.04,,0,,,,,,,,
,,,,,,,,,238.62,1255.64,$12.09,650,773.5,,,,,,,,0
7,SS170018,,Sabi Cuff,Bracelet,,,,,,0,$0.00,,0,,,,,,,,
,,,,,,Upcycled Brass,25,gms,0.406,10.15,$0.10,,0,,,,,,,,
,,,,,,Labour,4.5,hrs,87.5,393.75,$3.79,,0,,,,,,,,
,,,,,,Upcycled Brass,7,gms,0.406,2.842,$0.03,,0,,,,,,,,
,,,,,,Labour,4.5,hrs,87.5,393.75,$3.79,,0,,,,,,,,
,,,,,,G9 wire,12.4,cm,1.41,17.484,$0.17,,0,,,,,,,,
,,,,,,Labour,1,hrs,87.5,87.5,$0.84,,0,,,,,,,,
,,,,,,Mark-Up,,,,0,$0.00,,0,,,,,,,,
,,,,,,,,,,0,$0.00,,0,,,,,,,,
,,,,,,,,,264.722,905.476,$8.71,900,1071,,,,,,,,0
8,SS170019N,,Sawa Channel Cuff,Bracelet,,,,,,,$0.00,,0,,,,,,,,
,,,,,,wire gauge 12,40,cm,0.44,17.6,$0.17,,0,,,,,,,,
,,NATURAL,,,,horn balls,2,cm,70,140,$1.35,,0,,,,,,,,
,,,,,,Labour,2,hrs,87.5,175,$1.68,,0,,,,,,,,
,,,,,,Mark-up,1,,50,50,$0.48,,0,,,,,,,,
,,,,,,,,,,0,$0.00,,0,,,,,,,,
,,,,,,,,,207.94,382.6,$3.68,400,476,,,,,,,,0
9,SS171010,,Layered Strand Ring,Ring,,,,,,,$0.00,,0,,,,,,,,
,,,,,,,,,,0,$0.00,,0,,,,,,,,
,,,,,,Wire gauge 13,16.2,cm,0.44,7.128,$0.07,,0,,,,,,,,
,,,,,,wire gauge 16,21.6,cm,0.17,3.672,$0.04,,0,,,,,,,,
,,,,,,labour,4,,87.5,350,$3.37,,0,,,,,,,,
,,,,,,Mark up,1,,100,100,$0.96,,0,,,,,,,,
,,,,,,,,,188.11,460.8,$4.44,450,535.5,,,,,,,,0
10,SS171013,,Aura Ring,Ring,,,,,,,$0.00,,0,,,,,,,,
,,,,,,Upcycled Brass,10,gms,0.406,4.06,$0.04,,0,,,,,,,,
,,,,,,Labour,5,hrs,87.5,437.5,$4.21,,0,,,,,,,,
,,,,,,Mark-up,1,,100,100,$0.96,,0,,,,,,,,
,,,,,,,,,,0,$0.00,,0,,,,,,,,
,,,,,,,,,,0,$0.00,,0,,,,,,,,
,,,,,,,,,187.906,541.56,$5.21,550,654.5,,,,,,,,0
11,SS171012,,Square Signet Ring,Ring,,,,,,,$0.00,,0,,,,,,,,
,,,,,,Upcycled Brass,15,gms,0.406,6.09,$0.06,,0,,,,,,,,
,,,,,,Labour,3,hrs,87.5,262.5,$2.53,,0,,,,,,,,
,,,,,,Mark-Up,1,,50,50,$0.48,,0,,,,,,,,
,,,,,,,,,,0,$0.00,,0,,,,,,,,
,,,,,,,,,,0,$0.00,,0,,,,,,,,
,,,,,,,,,137.906,318.59,$3.07,400,476,,,,,,,,0
12,SS171014,,Sabi Ring,Ring,,,,,,,$0.00,,0,,,,,,,,
,,,,,,Upcycled Brass,20,gms,0.406,8.12,$0.08,,0,,,,,,,,
,,,,,,Labour,4.5,hrs,87.5,393.75,$3.79,,0,,,,,,,,
,,,,,,Mark-Up,1,,50,50,$0.48,,0,,,,,,,,
,,,,,,,,,,0,$0.00,,0,,,,,,,,
,,,,,,,,,,0,$0.00,,0,,,,,,,,
,,,,,,,,,137.906,451.87,$4.35,400,476,,,,,,,,0
13,SS1700027,,Oval Outline Studs,Earring,,,,,,,$0.00,,0,,,,,,,,
,,,,,,wire gauge 13,12,cm,0.44,5.28,$0.05,,0,,,,,,,,
,,,,,,LAbour ,1.5,hrs,87.5,131.25,$1.26,,0,,,,,,,,
,,,,,,mark-up,1,,50,50,$0.48,,0,,,,,,,,
,,,,,,,,,,0,$0.00,,0,,,,,,,,
,,,,,,,,,,0,$0.00,,0,,,,,,,,
,,,,,,,,,137.94,186.53,$1.80,400,476,,,,,,,,0
14,SS1700030,,Sabi Outline Studs,Earring,,,,,,,$0.00,,0,,,,,,,,
,,,,,,wire gauge 10,10,cm,1.12,11.2,$0.11,,0,,,,,,,,
,,,,,,Labour,1.5,hrs,87.5,131.25,$1.26,,0,,,,,,,,
,,,,,,Mark-up,1.5,,50,75,$0.72,,0,,,,,,,,
,,,,,,,,,,0,$0.00,,0,,,,,,,,
,,,,,,,,,,0,$0.00,,0,,,,,,,,
,,,,,,,,,138.62,217.45,$2.09,300,357,,,,,,,,0
15,SS170006,,Leaf Drop Earrings,Earring,,,,,,,$0.00,,0,,,,,,,,
,,,,,,G 13 Wire Hoop,3.8,cm,0.44,1.672,$0.02,,0,,,,,,,,
,,,,,,Labour,0.75,hr,87.5,65.625,$0.63,,0,,,,,,,,
,,,,,,G 22 Sheet,6.61,cm2,,0,$0.00,,0,,,,,,,,
,,,,,,Labour,2,hrs,87.5,175,$1.68,,0,,,,,,,,
,,,,,,,,,,0,$0.00,,0,,,,,,,,
,,,,,,,,,175.44,242.297,$2.33,400,476,,,,,,,,0
16,SS1700026,,Mini Pia Earrings ,Earring,,,,,,,$0.00,,0,,,,,,,,
,,,,,,Upcycled Brass,5,gms,0.406,2.03,$0.02,,0,,,,,,,,
,,,,,,Labour,3,hrs,87.5,262.5,$2.53,,0,,,,,,,,
,,,,,,,,,,0,$0.00,,0,,,,,,,,
,,,,,,,,,,0,$0.00,,0,,,,,,,,
,,,,,,,,,,0,$0.00,,0,,,,,,,,
,,,,,,,,,87.906,264.53,$2.55,400,476,,,,,,,,0
17,SS1700029,,Orbit Earrings,Earring,,,,,,,$0.00,,0,,,,,,,,
,,,,,,6 mm Bead,1,pc,35,35,$0.34,,0,,,,,,,,
,,,,,,Labour,0.25,hrs,87.5,21.875,$0.21,,0,,,,,,,,
,,,,,,8 mm Bead,1,pc,35,35,$0.05,,0,,,,,,,,
,,,,,,Labour,0.25,hrs,87.5,21.875,$0.00,,0,,,,,,,,
,,,,,,10 mm Bead,1,pc,70,70,$0.67,,0,,,,,,,,
,,,,,,Labour,0.25,hrs,87.5,21.875,$0.21,,0,,,,,,,,
,,,,,,G13 Wire,12.9,cm,0.44,5.676,$0.05,,0,,,,,,,,
,,,,,,Mark up,,,,,$0.00,,0,,,,,,,,
,,,,,,,,,402.94,211.301,$2.03,400,476,,,,,,,,0
18,SS1700016B,BLACK,Capped Pia Earrings ,Earring,,,,,,,$0.00,,0,,,,,,,,
,,,,,,Black Horn,5,gms,0.206,1.03,$0.01,,0,,,,,,,,
,,,,,,G22 Sheet,,,,0,$0.00,,0,,,,,,,,
,,,,,,Jump Ring,,,1,0,$0.00,,0,,,,,,,,
,,,,,,Labour,2.5,,87.5,218.75,$2.11,,0,,,,,,,,
,,,,,,Hook,,,,0,$0.00,,0,,,,,,,,
,,,,,,,,,,0,$0.00,,0,,,,,,,,
,,,,,,,,,,0,$0.00,,0,,,,,,,,
,,,,,,,,,88.706,219.78,$2.12,300,357,,,,,,,,0
19,SS1700028,,Mini Pia Studs,Earring,,,,,,,$0.00,,0,,,,,,,,
,,,,,,Upcycled Brass,5,gms,0.406,2.03,$0.02,,0,,,,,,,,
,,,,,,Labour,3,hrs,87.5,262.5,$2.53,,0,,,,,,,,
,,,,,,,,,,0,$0.00,,0,,,,,,,,
,,,,,,,,,,0,$0.00,,0,,,,,,,,
,,,,,,,,,,0,$0.00,,0,,,,,,,,
,,,,,,,,,87.906,264.53,$2.55,350,416.5,,,,,,,,0
20,SS1700016N,,Capped Pia Earrings,Earring,,Mark up,1,,50,,$0.00,,0,,,,,,,,
,,,,,,Palmwood,5,gms,0.2,1,$0.01,,0,,,,,,,,
,,NATURAL,,,,G22 Sheet,7.2,cm2,0.2,1.44,$0.01,,0,,,,,,,,
,,,,,,Jump Ring,1,,2,2,$0.02,,0,,,,,,,,
,,,,,,Labour,3,hrs,87.5,262.5,$2.53,,0,,,,,,,,
,,,,,,Hook,,,,0,$0.00,,0,,,,,,,,
,,,,,,,,,139.9,266.94,$2.57,300,357,,,,,,,,0
21,SS1700032B,BLACK,Neptune Hoops,Earring,,,,,,,$0.00,,0,,,,,,,,
,,,,,,Black Horn,15,gms,0.206,3.09,$0.03,,0,,,,,,,,
,,,,,,Labour,2,hrs,87.5,175,$1.68,,0,,,,,,,,
,,,,,,Mark-Up,1,,50,50,$0.48,,0,,,,,,,,
,,,,,,,,,,0,$0.00,,0,,,,,,,,
,,,,,,,,,,0,$0.00,,0,,,,,,,,
,,,,,,,,,137.706,228.09,$2.20,300,357,,,,,,,,0
23,SS1700034,,Capsule Studs,Earring,,,,,,,$0.00,,0,,,,,,,,
,,,,,,G9 Wire,13.6,cm,1.41,19.176,$0.18,,0,,,,,,,,
,,,,,,Labour,2,hrs,87.5,175,$1.68,,0,,,,,,,,
,,,,,,Mark-Up,1,,50,50,$0.48,,0,,,,,,,,
,,,,,,,,,,0,$0.00,,0,,,,,,,,
,,,,,,,,,,0,$0.00,,0,,,,,,,,
,,,,,,,,,138.91,244.176,$2.35,250,297.5,,,,,,,,0
24,SS1700035,,Oval Sawa Studs,Earring,,,,,,,$0.00,,0,,,,,,,,
,,,,,,wire gauge 16,10,cm,0.17,1.7,$0.02,,0,,,,,,,,
,,,,,,Labour,1.75,hrs,87.5,153.125,$1.47,,0,,,,,,,,
,,,,,,White Bone Ball,5,gm,0.206,1.03,$0.01,,0,,,,,,,,
,,,,,,Labour,0.5,hrs,87.5,43.75,$0.42,,0,,,,,,,,
,,,,,,,,,,0,$0.00,,0,,,,,,,,
,,,,,,,,,175.376,199.605,$1.92,300,357,,,,,,,,0
25,SS1700037N,,Linked Sawa Studs,Earring,,,,,,,$0.00,,0,,,,,,,,
,,,,,,G16 wire,12.8,cm,0.17,2.176,$0.02,,0,,,,,,,,
,,NATURAL,,,,Labour,1.75,hrs,87.5,153.125,$1.47,,0,,,,,,,,
,,,,,,Black Horn Ball,5,gm,0.206,1.03,$0.01,,0,,,,,,,,
,,,,,,Labour,0.5,hrs,87.5,43.75,$0.42,,0,,,,,,,,
,,,,,,,,,,0,$0.00,,0,,,,,,,,
,,,,,,,,,175.376,200.081,$1.93,300,357,,,,,,,,
26,SS1700038,,Pia Outline Studs,Earring,,,,,,,$0.00,,0,,,,,,,,
,,,,,,G13 wire,13.4,cm,0.17,2.278,$0.02,,0,,,,,,,,
,,,,,,Labour,3,hrs,87.5,262.5,$2.53,,0,,,,,,,,
,,,,,,mark up ,1,,50,50,$0.48,,0,,,,,,,,
,,,,,,,,,,0,$0.00,,0,,,,,,,,
,,,,,,,,,,0,$0.00,,0,,,,,,,,
,,,,,,,,,137.67,314.778,$3.03,300,357,,,,,,,,
27,SS1700039B,BLACK,Sawa Drop Earrings,Earring,,,,,,,$0.00,,0,,,,,,,,
,,,,,,wire gauge 16,11,cm,0.17,1.87,$0.02,,0,,,,,,,,
,,,,,,Horn bead ,1.2,cm,70,84,$0.81,,0,,,,,,,,
,,,,,,Labour ,2,hrs,87.5,175,$1.68,,0,,,,,,,,
,,,,,,mark up,,,50,0,$0.00,,0,,,,,,,,
,,,,,,,,,,0,$0.00,,0,,,,,,,,
,,,,,,,,,207.67,260.87,$2.51,400,476,,,,,,,,
28,SS1700040,,Sabi Hoops,Earring,,,,,,,$0.00,,0,,,,,,,,
,,,,,,G9 Wire,8.5,cm,1.41,11.985,$0.12,,0,,,,,,,,
,,,,,,Labour,2,hrs,87.5,175,$1.68,,0,,,,,,,,
,,,,,,Mark-up,1,,100,100,$0.96,,0,,,,,,,,
,,,,,,,,,,0,$0.00,,0,,,,,,,,
,,,,,,,,,,0,$0.00,,0,,,,,,,,
,,,,,,,,,188.91,286.985,$2.76,300,357,,,,,,,,
29,SS1700041,,Wisp Studs,Earring,,,,,,,$0.00,,0,,,,,,,,
,,,,,,Upcycled Brass,2,gms,0.406,0.812,$0.01,,0,,,,,,,,
,,,,,,Labour,3,hrs,87.5,262.5,$2.53,,0,,,,,,,,
,,,,,,mark up,1,,50,50,$0.48,,0,,,,,,,,
,,,,,,,,,,0,$0.00,,0,,,,,,,,
,,,,,,,,,,0,$0.00,,0,,,,,,,,
,,,,,,,,,137.906,313.312,$3.02,350,416.5,,,,,,,,
30,SS1700042,,Moon Drop Hoops,Earring,,,,,,,$0.00,,0,,,,,,,,
,,,,,,G 13 Wire Hoop,3.8,cm,0.44,1.672,$0.02,,0,,,,,,,,
,,,,,,Labour,0.75,hr,87.5,65.625,$0.63,,0,,,,,,,,
,,,,,,G 22 Sheet,6.61,cm2,,0,$0.00,,0,,,,,,,,
,,,,,,Labour,2,hrs,87.5,175,$1.68,,0,,,,,,,,
,,,,,,,,,,0,$0.00,,0,,,,,,,,
,,,,,,,,,175.44,242.297,$2.33,300,357,,,,,,,,
31,SS1700043,,Orb Drop Earrings,Earring,,,,,,,$0.00,,0,,,,,,,,
,,,,,,G 22 Sheet,6.61,cm2,,0,$0.00,,0,,,,,,,,
,,,,,,Labour,2,hrs,87.5,175,$1.68,,0,,,,,,,,
,,,,,,Mark-Up,1,,100,100,$0.96,,0,,,,,,,,
,,,,,,,,,,0,$0.00,,0,,,,,,,,
,,,,,,,,,,0,$0.00,,0,,,,,,,,
,,,,,,,,,187.5,275,$2.65,300,357,,,,,,,,
32,SS1700044,,Double Moon Jackets,Earring,,,,,,,$0.00,,0,,,,,,,,
,,,,,,wire gauge 13 ,2.6,cm,0.44,1.144,$0.01,,0,,,,,,,,
,,,,,,Sheet gauge 20,,cm2,0,0,$0.00,,0,,,,,,,,
,,,,,,labour,3,hrs,87.5,262.5,$2.53,,0,,,,,,,,
,,,,,,mark up,,,100,0,$0.00,,0,,,,,,,,
,,,,,,,,,,0,$0.00,,0,,,,,,,,
,,,,,,,,,187.94,263.644,$2.54,300,357,,,,,,,,
33,SS1700045,,Cala Studs,Earring,,,,,,,$0.00,,0,,,,,,,,
,,,,,,Sheet gauge 22,7.62,cm2 ,0.2,1.524,$0.01,,0,,,,,,,,
,,,,,,Labour,3,hrs,87.5,262.5,$2.53,,0,,,,,,,,
,,,,,,Mark up,1,,50,50,$0.48,,0,,,,,,,,
,,,,,,,,,,0,$0.00,,0,,,,,,,,
,,,,,,,,,,0,$0.00,,0,,,,,,,,
,,,,,,,,,137.7,314.024,$3.02,350,416.5,,,,,,,,
34,SS171020B,BLACK,Solitaire Ring Stack,Ring,,,,,,,$0.00,,0,,,,,,,,
,,,,,,Band gauge 13,15.45,cm,0.44,6.798,$0.07,,0,,,,,,,,
,,,,,,Bezzle sheet g22,6.4,cm2,0.2,1.28,$0.01,,0,,,,,,,,
,,,,,,horn bezzled,3,gm,0.206,0.618,$0.01,,0,,,,,,,,
,,,,,,Labour,4,hrs,87.5,350,$3.37,,0,,,,,,,,
,,,,,,Mark up,1,,100,100,$0.96,,0,,,,,,,,
,,,,,,,,,188.346,458.696,$4.41,500,595,,,,,,,,
35,SS1700035W,,Oval Sawa Studs,Ring,,,,,,,$0.00,,0,,,,,,,,
,,,,,,G16 wire,10,cm,0.17,,$0.00,,0,,,,,,,,
,,,,,,Labour,1.75,hrs,87.5,,$0.00,,0,,,,,,,,
,,,,,,Black Horn Ball,5,gm,0.206,,$0.00,,0,,,,,,,,
,,,,,,Labour,0.5,hrs,87.5,,$0.00,,0,,,,,,,,
,,WHITE,,,,markup ,1,,50,,$0.00,,0,,,,,,,,
,,,,,,,,,225.376,0,$0.00,400,476,,,,,,,,
36,SS171021B,BLACK,Sawa Nestling Ring Set,Earring,,,,,,,$0.00,,0,,,,,,,,
,,,,,,wire gauge 13 flattened * 5,25.75,cm ,0.44,11.33,$0.11,,0,,,,,,,,
,,,,,,horn beads,0.8,cm ,50,40,$0.38,,0,,,,,,,,
,,,,,,Labour ,,,,0,$0.00,,0,,,,,,,,
,,,,,,mark up,,,,0,$0.00,,0,,,,,,,,
,,,,,,,,,,0,$0.00,,0,,,,,,,,
,,,,,,,,,50.44,51.33,$0.49,500,595,,,,,,,,
37,SS171017B,BLACK,Split Moon Ring,Ring,,,,,,,$0.00,,0,,,,,,,,
,,,,,,band gauge 9,5.15,cm,1.41,7.2615,$0.07,,0,,,,,,,,
,,,,,,horn bezzled,15,gms,0.206,3.09,$0.03,,0,,,,,,,,
,,,,,,sheet gauge 22 bezzle,33,gms,0.2,6.6,$0.06,,0,,,,,,,,
,,,,,,Labour,4,hrs,87.5,350,$3.37,,0,,,,,,,,
,,,,,,Mark up,1,,100,100,$0.96,,0,,,,,,,,
,,,,,,,,,189.316,466.9515,$4.49,600,714,,,,,,,,
38,SS170025,,Organic Flex Cuff,Bracelet,,,,,,,$0.00,,0,,,,,,,,
,,,,,,Upcycled Brass,50,gm,0.406,20.3,$0.20,,0,,,,,,,,
,,,,,,Labour,5,hrs,87.5,437.5,$4.21,,0,,,,,,,,
,,,,,,Mark-Up,1,,100,100,$0.96,,0,,,,,,,,
,,,,,,,,,,0,$0.00,,0,,,,,,,,
,,,,,,,,,,0,$0.00,,0,,,,,,,,
,,,,,,,,,187.906,557.8,$5.37,800,952,,,,,,,,
39,"SS170022 (SKU Archived Jan. 21, 2017)",,Sabi Bangle Set,Bracelet,,,,,,,$0.00,,0,,,,,,,,
,,,,,,Upcycled brass,40,gm,0.406,16.24,$0.16,,0,,,,,,,,
,,,,,,Labour,4,hrs,87.5,350,$3.37,,0,,,,,,,,
,,,,,,Mark up,2,,50,100,$0.96,,0,,,,,,,,
,,,,,,,,,,0,$0.00,,0,,,,,,,,
,,,,,,,,,,0,$0.00,,0,,,,,,,,
,,,,,,,,,,0,$0.00,,0,,,,,,,,
,,,,,,,,,,0,$0.00,,0,,,,,,,,
,,,,,,,,,,0,$0.00,,0,,,,,,,,
,,,,,,,,,,0,$0.00,,0,,,,,,,,
,,,,,,,,,,0,$0.00,,0,,,,,,,,
,,,,,,,,,,0,$0.00,,0,,,,,,,,
,,,,,,,,,137.906,466.24,$4.49,500,595,,,,,,,,
40,SS170021,,Aura Cuff,Bracelet,,,,,,,$0.00,,0,,,,,,,,
,,,,,,Upcycled Brass,28,gm,0.406,11.368,$0.11,,0,,,,,,,,
,,,,,,Labour,5,hrs,87.5,437.5,$4.21,,0,,,,,,,,
,,,,,,Mark-Up,1,,100,100,$0.96,,0,,,,,,,,
,,,,,,,,,,0,$0.00,,0,,,,,,,,
,,,,,,,,,,0,$0.00,,0,,,,,,,,
,,,,,,,,,187.906,548.868,$5.28,600,714,,,,,,,,
41,SS170026,,Sabi Bangle,Bracelet,,,,,,,$0.00,,0,,,,,,,,
,,,,,,Upcycled Brass,15,gm,0.406,6.09,$0.06,,0,,,,,,,,
,,,,,,Labour,4.5,hrs,87.5,393.75,$3.79,,0,,,,,,,,
,,,,,,Mark-Up,1,,100,100,$0.96,,0,,,,,,,,
,,,,,,,,,,0,$0.00,,0,,,,,,,,
,,,,,,,,,,0,$0.00,,0,,,,,,,,
,,,,,,,,,187.906,499.84,$4.81,600,714,,,,,,,,
42,SS170020B,BLACK,Split Moon Cuff,Bracelet,,Sheet Bezel,33,cm2,0.2,6.6,$0.06,,0,,,,,,,,
,,,,,,Horn,15,gms,0.206,3.09,$0.03,,0,,,,,,,,
,,,,,,Wire Band,39.4,cm,2.24,88.256,$0.85,,0,,,,,,,,
,,,,,,Labour,3,hrs,87.5,262.5,$2.53,,0,,,,,,,,
,,,,,,mark up,1,,50,50,$0.48,,0,,,,,,,,
,,,,,,,,,,0,$0.00,,0,,,,,,,,
,,,,,,,,,140.146,410.446,$3.95,510,606.9,,,,,,,,
43,SS170010N,,Sawa Bangle Set,Bracelet,,,,,,,$0.00,,0,,,,,,,,
,,,,,,wire gauge 13,64.5,cm,0.44,28.38,$0.27,,0,,,,,,,,
,,NATURAL,,,,horn balls,3,,50,150,$1.44,,0,,,,,,,,
,,,,,,Mark up,1,,100,100,$0.96,,0,,,,,,,,
,,,,,,Labour,2.5,hrs,87.5,218.75,$2.11,,0,,,,,,,,
,,,,,,,,,,0,$0.00,,0,,,,,,,,
,,,,,,,,,237.94,497.13,$4.78,500,595,,,,,,,,
44,SS170108B,BLACK,Sawa Drop Necklace,Bracelet,,,,,,,$0.00,,0,,,,,,,,
,,,,,,wire gauge 9,3,cm,87.5,262.5,$2.53,,0,,,,,,,,
,,,,,,horn ball,1,,50,50,$0.48,,0,,,,,,,,
,,,,,,mark up,1,,50,50,$0.48,,0,,,,,,,,
,,,,,,labour ,4,hrs,87.5,350,$3.37,,0,,,,,,,,
,,,,,,,,,,0,$0.00,,0,,,,,,,,
,,,,,,,,,275,712.5,$6.86,500,595,,,,,,,,
45,SS1701071,,Sia Necklace,Necklace,,,,,,,$0.00,,0,,,,,,,,
,,,,,,wire gauge 16,2,cm,0.17,0.34,$0.00,,0,,,,,,,,
,,,,,,Sheet G20,3.8,cm2,0.4,1.52,$0.01,,0,,,,,,,,
,,,,,,Labour,3,hrs,87.5,262.5,$2.53,,0,,,,,,,,
,,,,,,Mark-up,1,,50,50,$0.48,,0,,,,,,,,
,,,,,,,,,,0,$0.00,,0,,,,,,,,
,,,,,,,,,138.07,314.36,$3.03,300,357,,,,,,,,
46,SS1701072,,Sia Pendant,Necklace,,wire gauge 16,2,cm,0.17,,$0.00,,0,,,,,,,,
,,,,,,Sheet G20,7.07,cm2,0.4,2.828,$0.03,,0,,,,,,,,
,,,,,,Labour,3,hrs,87.5,262.5,$2.53,,0,,,,,,,,
,,,,,,mark-up,1,,50,50,$0.48,,0,,,,,,,,
,,,,,,,,,,0,$0.00,,0,,,,,,,,
,,,,,,,,,,0,$0.00,,0,,,,,,,,
,,,,,,,,,138.07,315.328,$3.03,300,357,,,,,,,,
47,SS170102,,Pia Lariat Necklace,Necklace,,,,,,,$0.00,,0,,,,,,,,
,,,,,,Upcycled Brass,5,gm,0.406,2.03,$0.02,,0,,,,,,,,
,,,,,,Labour,4,hrs,87.5,350,$3.37,,0,,,,,,,,
,,,,,,Mark-Up,1,,100,100,$0.96,,0,,,,,,,,
,,,,,,,,,,0,$0.00,,0,,,,,,,,
,,,,,,,,,,0,$0.00,,0,,,,,,,,
,,,,,,,,,,0,$0.00,,0,,,,,,,,
,,,,Necklace,,,,,,0,$0.00,,0,,,,,,,,
,,,,,,,,,,0,$0.00,,0,,,,,,,,
,,,,,,,,,187.906,452.03,$4.35,450,535.5,,,,,,,,
48,SS170111B,BLACK,Earth Inlay Necklace,,,,,,,,$0.00,,0,,,,,,,,
,,,,,,sheet bezzle,52,cm2,0.2,10.4,$0.10,,0,,,,,,,,
,,,,,,horn bezzled,10,gms,0.206,2.06,$0.02,,0,,,,,,,,
,,,,,,labour,3,hrs,87.5,262.5,$2.53,,0,,,,,,,,
,,,,,,mark-Up,1,,100,100,$0.96,,0,,,,,,,,
,,,,,,,,,,0,$0.00,,0,,,,,,,,
,,,,,,,,,187.906,374.96,$3.61,400,476,,,,,,,,
49,SS170109B,BLACK,Split Moon Pendant,Necklace,,wire gauge 7,9.5,cm,2.24,21.28,$0.20,,0,,,,,,,,
,,,,,,sheet bezzle,21.6,cm2,0.2,4.32,$0.04,,0,,,,,,,,
,,,,,,horn bezzled,20,gms,0.206,4.12,$0.04,,0,,,,,,,,
,,,,,,labour,5,hrs,87.5,437.5,$4.21,,0,,,,,,,,
,,,,,,mark-Up,1,,150,150,$1.44,,0,,,,,,,,
,,,,,,,,,,0,$0.00,,0,,,,,,,,
,,,,,,,,,240.146,617.22,$5.94,600,714,,,,,,,,
50,SS170112B,BLACK,Moon Inlay Pendant,Necklace,,,,,,0,$0.00,,0,,,,,,,,
,,,,,,sheet gauge 22,38,cm2,0.2,7.6,$0.07,,0,,,,,,,,
,,,,,,horn bezzled,20,gms,0.206,4.12,$0.04,,0,,,,,,,,
,,,,,,labour,4,hrs,87.5,350,$3.37,,0,,,,,,,,
,,,,,,Mark-Up,1,khs,50,50,$0.48,,0,,,,,,,,
,,,,,,,,,,0,$0.00,,0,,,,,,,,
,,,,,,,,,137.906,411.72,$3.96,400,476,,,,,,,,
51,SS170110,,Orbit Necklace,Necklace,,wire gauge 13,25,cm,0.44,11,$0.11,,0,,,,,,,,
,,,,,,brass balls,25,gms,0.406,10.15,$0.10,,0,,,,,,,,
,,,,,,labour,2,hrs,87.5,175,$1.68,,0,,,,,,,,
,,,,,,Mark -Up,1,,100,100,$0.96,,0,,,,,,,,
,,,,,,,,,,0,$0.00,,0,,,,,,,,
,,,,,,,,,,0,$0.00,,0,,,,,,,,
,,,,,,,,,188.346,296.15,$2.85,400,476,,,,,,,,
52,SS170113B,BLACK,Mini Dipped Dalili Necklace,Necklace,,horn,5,gms,0.206,1.03,$0.01,,0,,,,,,,,
,,,,,,Upcycled brass,35,gms,0.406,14.21,$0.14,,0,,,,,,,,
,,,,,,labour,6,hrs,87.5,525,$5.05,,0,,,,,,,,
,,,,,,Mark-Up,1,,100,100,$0.96,,0,,,,,,,,
,,,,,,,,,,0,$0.00,,0,,,,,,,,
,,,,,,,,,,0,$0.00,,0,,,,,,,,
,,,,,,,,,188.112,640.24,$6.16,400,476,,,,,,,,
53,SS170114B,BLACK,Sawa Hoop Pendant,Necklace,,,,,,0,$0.00,,0,,,,,,,,
,,,,,,wire gauge 16,11,cm,0.17,1.87,$0.02,,0,,,,,,,,
,,,,,,horn balls,1,cm,70,70,$0.67,,0,,,,,,,,
,,,,,,Labour,2,hrs,87.5,175,$1.68,,0,,,,,,,,
,,,,,,Mark -Up,1,,100,100,$0.96,,0,,,,,,,,
,,,,,,,,,,0,$0.00,,0,,,,,,,,
,,,,,,,,,257.67,346.87,$3.34,350,416.5,,,,,,,,
54,SS170115,,Wisp Necklace,Necklace,,,,,,0,$0.00,,0,,,,,,,,
,,,,,,Upcycled brass,20,gms,0.406,8.12,$0.08,,0,,,,,,,,
,,,,,,Labour,4,hr,87.5,350,$3.37,,0,,,,,,,,
,,,,,,Mark-up,1,,100,100,$0.96,,0,,,,,,,,
,,,,,,,,,,0,$0.00,,0,,,,,,,,
,,,,,,,,,,0,$0.00,,0,,,,,,,,
,,,,,,,,,187.906,458.12,$4.41,400,476,,,,,,,,
55,SS170116,,Shield Collar,Necklace,,,,,,0,$0.00,,0,,,,,,,,
,,,,,,Upcycled Brass,75,gm,0.406,30.45,$0.29,,0,,,,,,,,
,,,,,,Labour,6.5,hrs,87.5,568.75,$5.47,,0,,,,,,,,
,,,,,,Mark-Up,1,,150,150,$1.44,,0,,,,,,,,
,,,,,,,,,,0,$0.00,,0,,,,,,,,
,,,,,,,,,,0,$0.00,,0,,,,,,,,
,,,,,,,,,237.906,749.2,$7.21,1000,1190,,,,,,,,
56,SS170117,,Luxe Choker,Necklace,,,,,,0,$0.00,,0,,,,,,,,
,,,,,,Upcycled Brass,95,gm,0.406,38.57,$0.37,,0,,,,,,,,
,,,,,,Labour,6.5,hrs,87.5,568.75,$5.47,,0,,,,,,,,
,,,,,,Mark-Up,1,,150,150,$1.44,,0,,,,,,,,
,,,,,,,,,,0,$0.00,,0,,,,,,,,
,,,,,,,,,,0,$0.00,,0,,,,,,,,
,,,,,,,,,237.906,757.32,$7.29,1000,1190,,,,,,,,
58,SS170119,,Capsule Chain Necklace,Necklace,,,,,,,$0.00,,0,,,,,,,,
,,,,,,G16 Wire,203.5,cm,0.17,34.595,$0.33,,0,,,,,,,,
,,,,,,Labour,7,hrs,87.5,612.5,$5.90,,0,,,,,,,,
,,,,,,Wire and Bar Closure,1,pc,175,175,$1.68,,0,,,,,,,,
,,,,,,mark-Up,1,,100,100,$0.96,,0,,,,,,,,
,,,,,,,,,,0,$0.00,,0,,,,,,,,
,,,,,,,,,362.67,922.095,$8.87,900,1071,,,,,,,,
59,SS170103N1,,Nestling Orb Necklace,Necklace,,,,,,,$0.00,,0,,,,,,,,
,,,,,,Horn Bead,1,pc,40,40,$0.38,,0,,,,,,,,
,,NATURAL,,,,Sheet Half Sphere,22,cm2,0.2,4.4,$0.04,,0,,,,,,,,
,,,,,,Labour,0.5,hrs,87.5,43.75,$0.42,,0,,,,,,,,
,,,,,,Mark-up,1,,100,100,$0.96,,0,,,,,,,,
,,,,,,,,,,0,$0.00,,0,,,,,,,,
,,,,,,,,,227.7,188.15,$1.81,200,238,,,,,,,,
60,SS1700047B,BLACK,Sawa Drop Studs,Necklace,,,,,,,$0.00,,0,,,,,,,,
,,,,,,Horn Bead,1,pc,50,50,$0.48,,0,,,,,,,,
,,,,,,G10 Wire,2,cm,1.12,2.24,$0.02,,0,,,,,,,,
,,,,,,Labour,2,hrs,87.5,175,$1.68,,0,,,,,,,,
,,,,,,,,,,0,$0.00,,0,,,,,,,,
,,,,,,,,,,0,$0.00,,0,,,,,,,,
,,,,,,,,,138.62,227.24,$2.19,400,476,,,,,,,,
61,"SS170103B2





",BLACK,Nestling Orb Pendant,Earring,,,,,,,$0.00,,0,,,,,,,,
,,,,,,Horn Bead,1,pc,50,50,$0.48,,0,,,,,,,,
,,,,,,Sheet Half Sphere,35,cm2,0.2,7,$0.07,,0,,,,,,,,
,,,,,,Labour,0.5,hrs,87.5,43.75,$0.42,,0,,,,,,,,
,,,,,,mark up,1,,50,50,$0.48,,0,,,,,,,,
,,,,,,,,,,0,$0.00,,0,,,,,,,,
,,,,,,,,,187.7,150.75,$1.45,150,178.5,,,,,,,,
62,SS171018,,Sabi Statement Ring,Ring,,,,,,,$0.00,,0,,,,,,,,
,,,,,,Upcycled Brass,25,gm,0.406,10.15,$0.10,,0,,,,,,,,
,,,,,,Labour,4,hrs,87.5,350,$3.37,,0,,,,,,,,
,,,,,,G13 Wire,5.3,cm,0.44,,$0.00,,0,,,,,,,,
,,,,,,Mark up,,,,,$0.00,,0,,,,,,,,
,,,,,,,,,,,$0.00,,0,,,,,,,,
,,,,,,,,,,,$0.00,,0,,,,,,,,
,,,,,,,,,,,$0.00,,0,,,,,,,,
,,,,,,,,,,,$0.00,,0,,,,,,,,
,,,,,,,,,88.346,360.15,$3.47,400,476,,,,,,,,
63,SS170120,,Short Luxe Chain Dangle ,Necklace,,,,,,0,$0.00,,0,,,,,,,,
,,,,,,wire gauge 6,15.2,cm,2.24,34.048,$0.33,,0,,,,,,,,
,,,,,,jumprings,2,,2,4,$0.04,,0,,,,,,,,
,,,,,,labour,3,hrs,87.5,262.5,$2.53,,0,,,,,,,,
,,,,,,Mark up,,,100,0,$0.00,,0,,,,,,,,
,,,,,,,,,,0,$0.00,,0,,,,,,,,
,,,,,,,,,191.74,300.548,$2.89,350,416.5,,,,,,,,
64,SS1700048,,Climbing Sabi Studs,Earring,,,,,,,$0.00,,0,,,,,,,,
,,,,,,G13 Wire,9.1,cm,0.44,4.004,$0.04,,0,,,,,,,,
,,,,,,G14 Wire,5.3,cm,0.39,2.067,$0.02,,0,,,,,,,,
,,,,,,Labour,3,hrs,87.5,262.5,$2.53,,0,,,,,,,,
,,,,,,Mark-Up,1,,100,100,$0.96,,0,,,,,,,,
,,,,,,,,,,0,$0.00,,0,,,,,,,,
,,,,,,,,,188.33,368.571,$3.55,350,416.5,,,,,,,,
65,SS171017W,,Split Moon Ring,Ring,,Bezel,5.3,cm2,0.2,1.06,$0.01,,0,,,,,,,,
,,WHITE,,,,Horn,5,gm,0.206,1.03,$0.01,,0,,,,,,,,
,,,,,,Band,5.2,cm,1.12,5.824,$0.06,,0,,,,,,,,
,,,,,,Labour,7,hrs,87.5,612.5,$5.90,,0,,,,,,,,
,,,,,,Mark-Up,1,,150,150,$1.44,,0,,,,,,,,
,,,,,,,,,,0,$0.00,,0,,,,,,,,
,,,,,,,,,239.026,770.414,$7.41,610,725.9,,,,,,,,
66,SS1700049,,Twisted Sia Studs,Earring,,,,,,,$0.00,,0,,,,,,,,
,,,,,,G 22 Sheet,7.0686,mm2,0.2,1.41372,$0.01,,0,,,,,,,,
,,,,,,Labour,2,hrs,87.5,175,$1.68,,0,,,,,,,,
,,,,,,Mark-up,1,,100,100,$0.96,,0,,,,,,,,
,,,,,,,,,,0,$0.00,,0,,,,,,,,
,,,,,,,,,,0,$0.00,,0,,,,,,,,
,,,,,,,,,187.7,276.41372,$2.66,300,357,,,,,,,,
67,SS170122B,BLACK,Capsule Necklace,Necklace,,Horn,10,gms,0.206,2.06,$0.02,,0,,,,,,,,
,,,,,,Sheet Bezel (G 22),45,cm2,0.04,1.8,$0.02,,0,,,,,,,,
,,,,,,Jump rings,1,,2,2,$0.02,,0,,,,,,,,
,,,,,,Labour,3,hrs,87.5,262.5,$2.53,,0,,,,,,,,
,,,,,,Mark-Up,1,,100,100,$0.96,,0,,,,,,,,
,,,,,,,,,,0,$0.00,,0,,,,,,,,
,,,,,,,,,189.746,368.36,$3.55,350,416.5,,,,,,,,
68,SS170103B1,BLACK,Nestling Orb Necklace,Necklace,,Horn Bead,1,pc,40,40,$0.38,,0,,,,,,,,
,,,,,,Sheet Half Sphere,22,cm2,0.2,4.4,$0.04,,0,,,,,,,,
,,,,,,Labour,0.5,hrs,87.5,43.75,$0.42,,0,,,,,,,,
,,,,,,Mark-up,1,,100,100,$0.96,,0,,,,,,,,
,,,,,,,,,,0,$0.00,,0,,,,,,,,
,,,,,,,,,,0,$0.00,,0,,,,,,,,
,,,,,,,,,227.7,188.15,$1.81,200,238,,,,,,,,
69,"SS170122N





",,Capsule Necklace,Necklace,,Horn,10,gms,0.206,2.06,$0.02,,0,,,,,,,,
,,,,,,Sheet Bezel (G 22),45,cm2,0.04,1.8,$0.02,,0,,,,,,,,
,,NATURAL,,,,Jump rings,1,,2,2,$0.02,,0,,,,,,,,
,,,,,,Labour,3,hrs,87.5,262.5,$2.53,,0,,,,,,,,
,,,,,,Mark-Up,1,,100,100,$0.96,,0,,,,,,,,
,,,,,,,,,,,$0.00,,0,,,,,,,,
,,,,,,,,,189.746,368.36,$3.55,350,416.5,,,,,,,,
70,SS1700050,,Wrap Hoops,Earring,,,,,,,$0.00,,0,,,,,,,,
,,,,,,G22 Sheet,452.39,cm2,0.2,90.478,$0.87,,0,,,,,,,,
,,,,,,Labour,1,hrs,87.5,87.5,$0.84,,0,,,,,,,,
,,,,,,Mark-up,1,,50,50,$0.48,,0,,,,,,,,
,,,,,,,,,,0,$0.00,,0,,,,,,,,
,,,,,,,,,,0,$0.00,,0,,,,,,,,
,,,,,,,,,187.7,276.41372,$2.66,400,476,,,,,,,,
71,SS170024B,BLACK,Hekima Cuff,Bracelet,,G16 Sheet bangle,42,cm2,0.4,16.8,$0.16,,0,,,,,,,,
,,,,,,Flat horn bangle,30,gms,0.206,6.18,$0.06,,0,,,,,,,,
,,,,,,Labour,6.5,hrs,87.5,568.75,$5.47,,0,,,,,,,,
,,,,,,Mark-up,1,,100,100,$0.96,,0,,,,,,,,
,,,,,,,,,,,$0.00,,0,,,,,,,,
,,,,,,,,,,0,$0.00,,0,,,,,,,,
,,,,,,,,,188.106,691.73,$6.66,700,833,,,,,,,,
72,SS1700033N,,Oval Sawa Hoops,Earring,,,,,,0,$0.00,,0,,,,,,,,
,,,,,,wire gauge 16,11,cm,0.17,1.87,$0.02,,0,,,,,,,,
,,NATURAL,,,,horn ball ,1,cm,50,50,$0.48,,0,,,,,,,,
,,,,,,labour,1.5,hrs,87.5,131.25,$1.26,,0,,,,,,,,
,,,,,,mark-up,1,,50,50,$0.48,,0,,,,,,,,
,,,,,,,,,,0,$0.00,,0,,,,,,,,
,,,,,,,,,187.67,233.12,$2.24,300,357,,,,,,,,
73,SS1700059B,BLACK,Circle Sawa Studs,Earring,,,,,,0,$0.00,,0,,,,,,,,
,,,,,,wire gauge 16,11,cm,0.17,1.87,$0.02,,0,,,,,,,,
,,,,,,horn ball ,1,cm,50,50,$0.48,,0,,,,,,,,
,,,,,,labour,1.5,hrs,87.5,131.25,$1.26,,0,,,,,,,,
,,,,,,mark-up,1,,50,50,$0.48,,0,,,,,,,,
,,,,,,,,,,0,$0.00,,0,,,,,,,,
,,,,,,,,,187.67,233.12,$2.24,400,476,,,,,,,,
74,SS170002W,,Sawa Drop Hoop Earrings ,Earring,,,,,,0,$0.00,,0,,,,,,,,
,,,,,,wire gauge 16,11,cm,0.17,1.87,$0.02,,0,,,,,,,,
,,,,,,horn ball ,1,cm,50,50,$0.48,,0,,,,,,,,
,,,,,,labour,1.5,hrs,87.5,131.25,$1.26,,0,,,,,,,,
,,,,,,mark-up,1,,50,50,$0.48,,0,,,,,,,,
,,WHITE,,,,,,,,0,$0.00,,0,,,,,,,,
,,,,,,,,,187.67,233.12,$2.24,400,476,,,,,,,,
75,"SS1700059N





",,Circle Sawa Studs,Earring,,,,,,0,$0.00,,0,,,,,,,,
,,,,,,wire gauge 16,11,cm,0.17,1.87,$0.02,,0,,,,,,,,
,,NATURAL,,,,horn ball ,1,cm,50,50,$0.48,,0,,,,,,,,
,,,,,,labour,1.5,hrs,87.5,131.25,$1.26,,0,,,,,,,,
,,,,,,mark-up,1,,50,50,$0.48,,0,,,,,,,,
,,,,,,,,,,0,$0.00,,0,,,,,,,,
,,,,,,,,,187.67,233.12,$2.24,400,476,,,,,,,,
76,"SS170002B





",BLACK,Sawa Drop Hoop Earrings ,Earring,,,,,,0,$0.00,,0,,,,,,,,
,,,,,,wire gauge 16,11,cm,0.17,1.87,$0.02,,0,,,,,,,,
,,,,,,horn ball ,1,cm,50,50,$0.48,,0,,,,,,,,
,,,,,,labour,1.5,hrs,87.5,131.25,$1.26,,0,,,,,,,,
,,,,,,mark-up,1,,50,50,$0.48,,0,,,,,,,,
,,,,,,,,,,0,$0.00,,0,,,,,,,,
,,,,,,,,,187.67,233.12,$2.24,400,476,,,,,,,,
77,SS1700037B2,BLACK,Linked Sawa Drop Earrings,Earring,,,,,,0,$0.00,,0,,,,,,,,
,,,,,,G16 Wire,13,cm,0.17,2.21,$0.02,,0,,,,,,,,
,,,,,,Horn Ball,1,,50,50,$0.48,,0,,,,,,,,
,,,,,,Labour,2,hrs,87.5,175,$1.68,,0,,,,,,,,
,,,,,,mark-up,1,,50,50,$0.48,,0,,,,,,,,
,,,,,,,,,,0,$0.00,,0,,,,,,,,
,,,,,,,,,187.67,277.21,$2.67,400,476,,,,,,,,
78,SS170002N,,Sawa Drop Hoop Earrings ,Earring,,,,,,0,$0.00,,0,,,,,,,,
,,,,,,G16 Wire,11,cm,0.17,1.87,$0.02,,0,,,,,,,,
,,NATURAL,,,,Horn Ball,1,,50,50,$0.48,,0,,,,,,,,
,,,,,,Labour,1.5,hrs,87.5,131.25,$1.26,,0,,,,,,,,
,,,,,,mark-up,1,,50,50,$0.48,,0,,,,,,,,
,,,,,,,,,,0,$0.00,,0,,,,,,,,
,,,,,,,,,187.67,233.12,$2.24,400,476,,,,,,,,
79,SS171019B,BLACK,Disc Ring,Ring,,,,,,0,$0.00,,0,,,,,,,,
,,,,,,Bezel,44,cm2,0.2,8.8,$0.08,,0,,,,,,,,
,,,,,,Horn,5,gms,0.206,1.03,$0.01,,0,,,,,,,,
,,,,,,Band,5.4,cm ,1.41,7.614,$0.07,,0,,,,,,,,
,,,,,,Labour,4,,87.5,350,$3.37,,0,,,,,,,,
,,,,,,Mark-Up,2,,50,100,$0.96,,0,,,,,,,,
,,,,,,,,,139.316,467.444,$4.50,510,606.9,,,,,,,,
80,SS1700037B1,BLACK,Linked Sawa Drop Earrings,Earring,,,,,,0,$0.00,,0,,,,,,,,
,,,,,,G16 Wire,10,cm,0.17,1.7,$0.02,,0,,,,,,,,
,,,,,,Horn Ball,1,gms,50,50,$0.48,,0,,,,,,,,
,,,,,,Labour,2,hrs,87.5,175,$1.68,,0,,,,,,,,
,,,,,,,,,,0,$0.00,,0,,,,,,,,
,,,,,,,,,,0,$0.00,,0,,,,,,,,
,,,,,,,,,137.67,226.7,$2.18,400,476,,,,,,,,
81,SS170123,,Sabi Choker,Necklace,,,,,,0,$0.00,,0,,,,,,,,
,,,,,,Upcycled Brass,130,gms,0.406,52.78,$0.51,,0,,,,,,,,
,,,,,,Labour,7,hrs,87.5,612.5,$5.90,,0,,,,,,,,
,,,,,,Mark-Up,1,,150,150,$1.44,,0,,,,,,,,
,,,,,,,,,,0,$0.00,,0,,,,,,,,
,,,,,,,,,,0,$0.00,,0,,,,,,,,
,,,,,,,,,237.906,815.28,$7.85,1000,1190,,,,,,,,
82,SS170124,,Dash Wrap Choker,Necklace,,,,,,,$0.00,,0,,,,,,,,
,,,,,,Upcycled Brass,130,gms,0.406,52.78,$0.51,,0,,,,,,,,
,,,,,,Labour,4,hrs,87.5,350,$3.37,,0,,,,,,,,
,,,,,,Mark-Up,1,,100,100,$0.96,,0,,,,,,,,
,,,,,,,,,,0,$0.00,,0,,,,,,,,
,,,,,,,,,,0,$0.00,,0,,,,,,,,
,,,,,,,,,187.906,502.78,$4.84,1000,1190,,,,,,,,
83,SS1700062,,Folded Teardrop Studs,Earring,,,,,,0,$0.00,,0,,,,,,,,
,,,,,,Sheet gauge 22,35,cm2,0.206,7.21,$0.07,,0,,,,,,,,
,,,,,,Labour,2,hrs,87.5,175,$1.68,,0,,,,,,,,
,,,,,,Mark up,1,,100,100,$0.96,,0,,,,,,,,
,,,,,,,,,,0,$0.00,,0,,,,,,,,
,,,,,,,,,,0,$0.00,,0,,,,,,,,
,,,,,,,,,187.706,282.21,$2.72,400,476,,,,,,,,
84,SS171009,,Orbit Ring,Earring,,,,,,0,$0.00,,0,,,,,,,,
,,,,,,1 cm Brass Ball,1,pc,70,70,$0.67,,0,,,,,,,,
,,,,,,8 mm Brass Ball,2,pc,35,70,$0.67,,0,,,,,,,,
,,,,,,G13 Wire,9.4,cm,0.44,175,$1.68,,0,,,,,,,,
,,,,,,Labour,2,hrs,87.5,175,$1.68,,0,,,,,,,,
,,,,,,,,,,0,$0.00,,0,,,,,,,,
,,,,,,,,,192.94,490,$4.72,500,595,,,,,,,,
85,SS1700061,,Sabi Drop Earrings,Earring,,,,,,0,$0.00,,0,,,,,,,,
,,,,,,G22 Sheet,3.3489,cm2,0.22,0.736758,$0.01,,0,,,,,,,,
,,,,,,Labour,1.5,hrs,87.5,131.25,$1.26,,0,,,,,,,,
,,,,,,Mark up,1,,50,50,$0.48,,0,,,,,,,,
,,,,,,,,,,0,$0.00,,0,,,,,,,,
,,,,,,,,,,0,$0.00,,0,,,,,,,,
,,,,,,,,,137.72,181.986758,$1.75,300,357,,,,,,,,
86,SS171022,,Saturn Ring Stack,Ring,,wire gauge 16,5.4,cm,0.17,0.918,$0.01,,0,,,,,,,,
,,,,,,wire gauge14,5.4,cm,0.35,1.89,$0.02,,0,,,,,,,,
,,,,,,wire gauge 13,5.4,cm,0.44,2.376,$0.02,,0,,,,,,,,
,,,,,,wire gauge 11,5.4,cm,1.12,6.048,$0.06,,0,,,,,,,,
,,,,,,Labour ,3,hrs,87.5,472.5,$4.55,,0,,,,,,,,
,,,,,,MArk up,2,,50,100,$0.96,,0,,,,,,,,
,,,,,,,,,139.58,583.732,$5.62,500,595,,,,,,,,
87,SS1700023,,Moon Drop Studs,Earring,,,,,,0,$0.00,,0,,,,,,,,
,,,,,,G22 Sheet,8.2586,cm2,0.22,1.816892,$0.02,,0,,,,,,,,
,,,,,,Labour,1.5,hrs,87.5,131.25,$1.26,,0,,,,,,,,
,,,,,,Mark-up,1,,50,50,$0.48,,0,,,,,,,,
,,,,,,,,,,0,$0.00,,0,,,,,,,,
,,,,,,,,,,0,$0.00,,0,,,,,,,,
,,,,,,,,,137.72,183.066892,$1.76,350,416.5,,,,,,,,
88,SS1700024,,Taji Drop Earrings,Earring,,,,,,0,$0.00,,0,,,,,,,,
,,,,,,wire gauge,20,cm,0.44,8.8,$0.08,,0,,,,,,,,
,,,,,,labour,2,hrs,87.5,175,$1.68,,0,,,,,,,,
,,,,,,mark-up,1,,50,50,$0.48,,0,,,,,,,,
,,,,,,,,,,0,$0.00,,0,,,,,,,,
,,,,,,,,,,0,$0.00,,0,,,,,,,,
,,,,,,,,,137.94,233.8,$2.25,400,476,,,,,,,,
89,SS1700066,,Capped Pia Earrings,Earring,,,,,,0,$0.00,,0,,,,,,,,
,,,,,,sheet  gauge 22,1.96,cm2,0.2,0.392,$0.00,,0,,,,,,,,
,,,,,,wood cone,5,gms,0.206,1.03,$0.01,,0,,,,,,,,
,,,,,,jumpring,1,,2,2,$0.02,,0,,,,,,,,
,,,,,,labour,3,,87.5,262.5,$2.53,,0,,,,,,,,
,,,,,,Mark-up,1,,50,50,$0.48,,0,,,,,,,,
,,,,,,,,,139.906,315.922,$3.04,300,357,,,,,,,,
90,SS1700016,,Capped Pia Earrings,Earring,,,,,,0,$0.00,,0,,,,,,,,
,,,,,,Sheet gauge 22,1.96,cm2,0.2,0.392,$0.00,,0,,,,,,,,
,,,,,,bone cone,5,gms,0.206,1.03,$0.01,,0,,,,,,,,
,,,,,,jumpring,1,,2,2,$0.02,,0,,,,,,,,
,,,,,,Labour,3,,87.5,262.5,$2.53,,0,,,,,,,,
,,,,,,Mark up,1,,50,50,$0.48,,0,,,,,,,,
,,,,,,,,,139.906,315.922,$3.04,300,357,,,,,,,,
92,SS1700020,,Double Wrap Hoops,Earring,,,,,,,$0.00,,0,,,,,,,,
,,,,,,G13 Wire,11.9,cm,0.44,5.236,$0.05,,0,,,,,,,,
,,,,,,Labour,2,hrs,87.5,175,$1.68,,0,,,,,,,,
,,,,,,Mark up,1,,50,50,$0.48,,0,,,,,,,,
,,,,,,,,,,0,$0.00,,0,,,,,,,,
,,,,,,,,,,0,$0.00,,0,,,,,,,,
,,,,,,,,,137.94,230.236,$2.22,250,297.5,,,,,,,,
93,SS1700021,,Pia Earrings,Earring,,,,,,0,$0.00,,0,,,,,,,,
,,,,,,upcycled brass ,3,gms,0.406,1.218,$0.01,,0,,,,,,,,
,,,,,,Labour,4,hrs,87.5,350,$3.37,,0,,,,,,,,
,,,,,,markup,1,,50,50,$0.48,,0,,,,,,,,
,,,,,,,,,,0,$0.00,,0,,,,,,,,
,,,,,,,,,,0,$0.00,,0,,,,,,,,
,,,,,,,,,137.906,401.218,$3.86,400,476,,,,,,,,
94,SS1700060,,Sabi Jacket Studs,Earring,,,,,,802.436,$7.72,,0,,,,,,,,
,,,,,,Sheet gauge 22,8.75,cm2,0.2,1603.654,$15.43,,0,,,,,,,,
,,,,,,Labour,2,hrs,87.5,2857.308,$27.50,,0,,,,,,,,
,,,,,,Mark-up,1,,50,5664.616,$54.52,,0,,,,,,,,
,,,,,,,,,,11329.232,$109.04,,0,,,,,,,,
,,,,,,,,,,22658.464,$218.08,,0,,,,,,,,
,,,,,,,,,137.7,44915.71,$432.30,400,476,,,,,,,,
95,SS1700025,,Curved Sabi Studs,Earring,,,,,,0,$0.00,,0,,,,,,,,
,,,,,,G22 Sheet,14.52,cm2,0.2,2.904,$0.03,,0,,,,,,,,
,,,,,,Labour,3,hrs,87.5,262.5,$2.53,,0,,,,,,,,
,,,,,,Mark-up,1,,50,50,$0.48,,0,,,,,,,,
,,,,,,,,,,0,$0.00,,0,,,,,,,,
,,,,,,,,,,0,$0.00,,0,,,,,,,,
,,,,,,,,,137.7,315.404,$3.04,400,476,,,,,,,,
96,SS1700022,,Sideways Sabi Earrings,Earring,,,,,,0,$0.00,,0,,,,,,,,
,,,,,,G22 Sheet,8.75,cm2,0.2,1.75,$0.02,,0,,,,,,,,
,,,,,,Labour,3,hrs,87.5,262.5,$2.53,,0,,,,,,,,
,,,,,,Mark-up,1,,50,50,$0.48,,0,,,,,,,,
,,,,,,,,,,0,$0.00,,0,,,,,,,,
,,,,,,,,,,0,$0.00,,0,,,,,,,,
,,,,,,,,,137.7,314.25,$3.02,400,476,,,,,,,,
97,SS170125,,Layered Pia Necklace,Earring,,,,,,,$0.00,,0,,,,,,,,
,,,,,,Upcycled Brass,20,gms,0.406,8.12,$0.08,,0,,,,,,,,
,,,,,,Labour,4,hrs,87.5,350,$3.37,,0,,,,,,,,
,,,,,,Mark-Up,1,,100,100,$0.96,,0,,,,,,,,
,,,,,,,,,,,$0.00,,0,,,,,,,,
,,,,,,,,,,,$0.00,,0,,,,,,,,
,,,,,,,,,,,$0.00,,0,,,,,,,,
,,,,Necklace,,,,,,0,$0.00,,0,,,,,,,,
,,,,,,,,,,0,$0.00,,0,,,,,,,,
,,,,,,,,,187.906,458.12,$4.41,450,535.5,,,,,,,,
98,SS1700019B,BLACK,Pira Pearl Jackets,,,Gauge 13,2,cm,0.44,0.88,$0.01,,0,,,,,,,,
,,,,,,Sheet gauge 20,0.79,cm2,0.2,0.158,$0.00,,0,,,,,,,,
,,,,,,labour,2,hrs,87.5,84,$0.81,,0,,,,,,,,
,,,,,,horn bead,1.2,cm,70,218.75,$2.11,,0,,,,,,,,
,,,,,,labour,2.5,hrs,87.5,50,$0.48,,0,,,,,,,,
,,,,,,Mark-up,1,,50,50,$0.48,,0,,,,,,,,
,,,,,,,,,295.64,403.788,$3.89,400,476,,,,,,,,
99,SS170101,,Pia Pendant,Earring,,,,,,,$0.00,,0,,,,,,,,
,,,,,,Upcycled Brass,5,gms,0.406,2.03,$0.02,,0,,,,,,,,
,,,,,,Labour,4,hrs,87.5,350,$3.37,,0,,,,,,,,
,,,,,,Mark-Up,1,,100,100,$0.96,,0,,,,,,,,
,,,,,,,,,,0,$0.00,,0,,,,,,,,
,,,,,,,,,,0,$0.00,,0,,,,,,,,
,,,,,,,,,187.906,452.03,$4.35,450,535.5,,,,,,,,
100,"SS1700018B (Archived January 21, 2017 due to being a duplicate sku with Sawa Drop Studs)",BLACK,Pira Jackets,Necklace,,,,,,0,$0.00,,0,,,,,,,,
,,,,,,Gauge 13,1.5,cm,0.44,0.66,$0.01,,0,,,,,,,,
,,,,,,brass ball(upcycled brass),5,gms,0.406,2.03,$0.02,,0,,,,,,,,
,,,,,,horn bead,1,,70,70,$0.67,,0,,,,,,,,
,,,,,,labour,2,hrs,87.5,175,$1.68,,0,,,,,,,,
,,,,,,Mark-up,,,,0,$0.00,,0,,,,,,,,
,,,,,,,,,158.346,247.69,$2.38,400,476,,,,,,,,
102,SS1700055,,Milkyway Earrings ,Earring,,hollow ball,6.62,cm2,0.2,1.324,$0.01,,0,,,,,,,,
,,,,,,Brass balls,2,pcs,35,70,$0.67,,0,,,,,,,,
,,,,,,Horn balls,3,,50,150,$1.44,,0,,,,,,,,
,,,,,,Wire gauge 13,9.4,cm,0.44,4.136,$0.04,,0,,,,,,,,
,,,,,,labour,4,hrs,87.5,350,$3.37,,0,,,,,,,,
,,,,,,mark up,2,,50,100,$0.96,,0,,,,,,,,
,,,,,,,,,223.14,675.46,$6.50,650,773.5,,,,,,,,
103,SS170118B,BLACK,Double Horn Dot Choker,Necklace,,,,,,0,$0.00,,0,,,,,,,,
,,,,,,wire gauge 7,15.2,cm,2.24,34.048,$0.33,,0,,,,,,,,
,,,,,,horn beads,2,pcs,50,100,$0.96,,0,,,,,,,,
,,,,,,labour,2,hrs,87.5,175,$1.68,,0,,,,,,,,
,,,,,,Mark up,1,,50,50,$0.48,,0,,,,,,,,
,,,,,,,,,,0,$0.00,,0,,,,,,,,
,,,,,,,,,189.74,359.048,$3.46,350,416.5,,,,,,,,
104,SS1700046,,Solar Drop Earrings,Earring,,,,,,0,$0.00,,0,,,,,,,,
,,,,,,Flattened wire gauge 7,13.54,cm,2.24,30.3296,$0.29,,0,,,,,,,,
,,,,,,Jumpring ,2,,2,4,$0.04,,0,,,,,,,,
,,,,,,labour,3,hrs,87.5,262.5,$2.53,,0,,,,,,,,
,,,,,,mark up,1,,50,50,$0.48,,0,,,,,,,,
,,,,,,,,,,0,$0.00,,0,,,,,,,,
,,,,,,,,,141.74,346.8296,$3.34,500,595,,,,,,,,
105,SS170131,,Medallion Pendant,Necklace,,,,,,0,$0.00,,0,,,,,,,,
,,,,,,upcycled brass,30,gms,0.406,12.18,$0.12,,0,,,,,,,,
,,,,,,Labour,3,hrs,87.5,262.5,$2.53,,0,,,,,,,,
,,,,,,Mark up,1,,50,50,$0.48,,0,,,,,,,,
,,,,,,,,,,0,$0.00,,0,,,,,,,,
,,,,,,,,,,0,$0.00,,0,,,,,,,,
,,,,,,,,,137.906,324.68,$3.12,350,416.5,,,,,,,,
106,SS1700031,,Leaf Drop Hoops,Earring,,,,,,0,$0.00,,0,,,,,,,,
,,,,,,G 13 Wire Hoop,3.8,cm,0.44,1.672,$0.02,,0,,,,,,,,
,,,,,,Mark up,1,,100,100,$0.96,,0,,,,,,,,
,,,,,,G 22 Sheet,6.61,cm2,0.2,1.322,$0.01,,0,,,,,,,,
,,,,,,Labour,2,hrs,87.5,175,$1.68,,0,,,,,,,,
,,,,,,,,,,0,$0.00,,0,,,,,,,,
,,,,,,,,,188.14,277.994,$2.68,350,416.5,,,,,,,,
107,SS170126B,BLACK,Layered Sabi Necklace,Necklace,,Upcycled brass,30,gms,0.406,12.18,$0.12,,0,,,,,,,,
,,,,,,labour,3,hrs,87.5,262.5,$2.53,,0,,,,,,,,
,,,,,,organic horn,8,gms,0.206,1.648,$0.02,,0,,,,,,,,
,,,,,,labour,2,hrs,87.5,175,$1.68,,0,,,,,,,,
,,,,,,mark up,1,,150,150,$1.44,,0,,,,,,,,
,,,,,,,,,,0,$0.00,,0,,,,,,,,
,,,,,,,,,325.612,601.328,$5.79,600,714,,,,,,,,
108,SS1700053N,,Nestling Orb Earrings,Earring,,,,,,0,$0.00,,0,,,,,,,,
,,,,,,hollow balls sheet 22,13.2,cm2,0.2,2.64,$0.03,,0,,,,,,,,
,,NATURAL,,,,horn balls,1,,50,50,$0.48,,0,,,,,,,,
,,,,,,labour,3,,87.5,262.5,$2.53,,0,,,,,,,,
,,,,,,mark up,1,,50,50,$0.48,,0,,,,,,,,
,,,,,,,,,,0,$0.00,,0,,,,,,,,
,,,,,,,,,187.7,365.14,$3.51,500,595,,,,,,,,
109,SS171019N,,Statement Solitaire Ring,Necklace,,,,,,0,$0.00,,0,,,,,,,,
,,,,,,Bezel,44,cm2,0.2,8.8,$0.08,,0,,,,,,,,
,,NATURAL,,,,Horn,5,gms,0.206,1.03,$0.01,,0,,,,,,,,
,,,,,,Band,5.4,cm ,1.41,7.614,$0.07,,0,,,,,,,,
,,,,,,Labour,4,,87.5,350,$3.37,,0,,,,,,,,
,,,,,,Mark-Up,2,,50,100,$0.96,,0,,,,,,,,
,,,,,,,,,139.316,467.444,$4.50,510,606.9,,,,,,,,
120,SS1700017,,Orbit Studs,Earring,,,,,,0,$0.00,,0,,,,,,,,
,,,,,,sheet g 22,12.32,cm2,0.2,2.464,$0.02,,0,,,,,,,,
,,,,,,mark up,1,,100,100,$0.96,,0,,,,,,,,
,,,,,,labour,1,,100,100,$0.96,,0,,,,,,,,
,,,,,,,,,,0,$0.00,,0,,,,,,,,
,,,,,,,,,,0,$0.00,,0,,,,,,,,
,,,,,,,,,200.2,202.464,$1.95,500,595,,,,,,,,
121,SS1700053B,BLACK,Nestling Orb Earrings,Ring,,,,,,0,$0.00,,0,,,,,,,,
,,,,,,horn ball,1,,50,50,$0.48,,0,,,,,,,,
,,,,,,brass sheet 22,12.32,cm2,0.2,2.464,$0.02,,0,,,,,,,,
,,,,,,mark up,1,,100,100,$0.96,,0,,,,,,,,
,,,,,,labour,2,,50,100,$0.96,,0,,,,,,,,
,,,,,,,,,,0,$0.00,,0,,,,,,,,
,,,,,,,,,200.2,252.464,$2.43,550,654.5,,,,,,,,
122,SS1700064N,,Sawa Disc Jackets,Earring,,Gauge 13,2,cm,0.44,0.88,$0.01,,0,,,,,,,,
,,,,,,Sheet gauge 20,0.79,cm2,0.2,0.158,$0.00,,0,,,,,,,,
,,NATURAL,,,,labour,2,hrs,87.5,175,$1.68,,0,,,,,,,,
,,,,,,horn bead,1.2,cm,70,84,$0.81,,0,,,,,,,,
,,,,,,labour,2.5,hrs,87.5,218.75,$2.11,,0,,,,,,,,
,,,,,,Mark-up,1,,50,50,$0.48,,0,,,,,,,,
,,,,,,,,,295.64,528.788,$5.09,,0,,,,,,,,
123,SS171011,,Helix Ring,Earring,,,,,,0,$0.00,500,595,,,,,,,,
,,,,,,G 13 Wire,314.15,cm,0.44,138.226,$1.33,,0,,,,,,,,
,,,,,,Labour,5,hrs,87.5,437.5,$4.21,,0,,,,,,,,
,,,,,,,,,,0,$0.00,,0,,,,,,,,
,,,,,,,,,,0,$0.00,,0,,,,,,,,
,,,,,,,,,,0,$0.00,,0,,,,,,,,
,,,,,,,,,87.94,575.726,$5.54,550,654.5,,,,,,,,
124,SS170129,,Layered Moon Necklace,Earring,,,,,,0,$0.00,,0,,,,,,,,
,,,,,,Upcycled Brass ,20,gm,0.406,8.12,$0.08,,0,,,,,,,,
,,,,,,Labour,3,hrs,87.5,262.5,$2.53,,0,,,,,,,,
,,,,,,Medallion,1,pc,350,350,$3.37,,0,,,,,,,,
,,,,,,,,,,0,$0.00,,0,,,,,,,,
,,,,,,,,,,0,$0.00,,0,,,,,,,,
,,,,,,,,,437.906,620.62,$5.97,500,595,,,,,,,,
125,SS170127B,BLACK,Dual Sabi Choker,Ring,,,,,,0,$0.00,,0,,,,,,,,
,,,,,,Upcycled Brass ,20,gm,0.406,8.12,$0.08,,0,,,,,,,,
,,,,,,Labour,4.5,hrs,87.5,393.75,$3.79,,0,,,,,,,,
,,,,,,Black Horn,15,gm,0.206,3.09,$0.03,,0,,,,,,,,
,,,,,,Labour,4,hrs,87.5,350,$3.37,,0,,,,,,,,
,,,,,,,,,,0,$0.00,,0,,,,,,,,
,,,,,,,,,175.612,754.96,$7.27,1000,1190,,,,,,,,
126,SS1700051,,Moon Jacket Earrings,Necklace,,wire gauge 13,4,cm,0.44,1.76,$0.02,,0,,,,,,,,
,,,,,,Hollow balls sheet 22,24,cm2,0.2,4.8,$0.05,,0,,,,,,,,
,,,,,,upcycled brass ,10,gms,0.406,4.06,$0.04,,0,,,,,,,,
,,,,,,mark up,,,100,0,$0.00,,0,,,,,,,,
,,,,,,,,,,0,$0.00,,0,,,,,,,,
,,,,,,,,,,0,$0.00,,0,,,,,,,,
,,,,,,,,,101.046,10.62,$0.10,400,476,,,,,,,,
127,SS170130N,,Sabi Pendant,Necklace,,,,,,0,$0.00,,0,,,,,,,,
,,,,,,horn,30,gms,0.206,6.18,$0.06,,0,,,,,,,,
,,NATURAL,,,,wire jumpring,2.5,cm,0.17,0.425,$0.00,,0,,,,,,,,
,,,,,,labour ,4,hrs,87.5,350,$3.37,,0,,,,,,,,
,,,,,,mark up,1,,100,100,$0.96,,0,,,,,,,,
,,,,,,,,,,0,$0.00,,0,,,,,,,,
,,,,,,,,,187.876,456.605,$4.39,450,535.5,,,,,,,,
128,SS1700057B,BLACK,Leaf Threader Earrings,Earring,,,,,,0,$0.00,,0,,,,,,,,
,,,,,,horn,25,gms,0.206,5.15,$0.05,,0,,,,,,,,
,,,,,,wire gauge 22,4,cm,0.04,0.16,$0.00,,0,,,,,,,,
,,,,,,labour,4,hrs,87.5,350,$3.37,,0,,,,,,,,
,,,,,,mark up,1,,50,50,$0.48,,0,,,,,,,,
,,,,,,,,,,0,$0.00,,0,,,,,,,,
,,,,,,,,,137.746,405.31,$3.90,400,476,,,,,,,,
129,SS1700054B,BLACK,Reverse Moon Drop Earrings,Necklace,,,,,,0,$0.00,,0,,,,,,,,
,,,,,,Sheet 22,6.28,cm,0.2,1.256,$0.01,,0,,,,,,,,
,,,,,,horn half circle,5,gms,0.206,1.03,$0.01,,0,,,,,,,,
,,,,,,jumpring,1,cm,0.08,0.08,$0.00,,0,,,,,,,,
,,,,,,labour,4,hrs,87.5,350,$3.37,,0,,,,,,,,
,,,,,,mark up,1,,100,100,$0.96,,0,,,,,,,,
,,,,,,,,,187.986,452.366,$4.35,450,535.5,,,,,,,,
130,SS1700052B,BLACK,Sawa Statement Drop Earrings,Earring,,,,,,0,$0.00,,0,,,,,,,,
,,,,,,horn balls,6,gms,50,300,$2.89,,0,,,,,,,,
,,,,,,gauge 13,4,cm,0.44,1.76,$0.02,,0,,,,,,,,
,,,,,,labour,4,hrs,87.5,350,$3.37,,0,,,,,,,,
,,,,,,mark up,1,,50,50,$0.48,,0,,,,,,,,
,,,,,,,,,,0,$0.00,,0,,,,,,,,
,,,,,,,,,187.94,701.76,$6.75,700,833,,,,,,,,
131,SS1700065,,moon drop hoops,Earring,,,,,,0,$0.00,,0,,,,,,,,
,,,,,,G 13 Wire Hoop,3.8,cm,0.44,1.672,$0.02,,0,,,,,,,,
,,,,,,G 22 Sheet,6.61,cm2,0.2,1.322,$0.01,,0,,,,,,,,
,,,,,,Labour,3,hrs,87.5,262.5,$2.53,,0,,,,,,,,
,,,,,,mark-up,,,100,0,$0.00,,0,,,,,,,,
,,,,,,,,,,0,$0.00,,0,,,,,,,,
,,,,,,,,,188.14,265.494,$2.56,,0,,,,,,,,
132,SS1700063,,Sabi Drop Earrings,Earring,,,,,,0,$0.00,400,476,,,,,,,,
,,,,,,sheet gauge 26,25,cm2,0.2,5,$0.05,,0,,,,,,,,
,,,,,,labour,3,hrs,87.5,262.5,$2.53,,0,,,,,,,,
,,,,,,mark up,,,100,0,$0.00,,0,,,,,,,,
,,,,,,,,,,0,$0.00,,0,,,,,,,,
,,,,,,,,,,0,$0.00,,0,,,,,,,,
,,,,,,,,,187.7,267.5,$2.57,350,416.5,,,,,,,,
133,SS1700058B,BLACK,Horn Teardrop Studs,Earring,,,,,,0,$0.00,,0,,,,,,,,
,,,,,,Horn ,15,gms,0.206,3.09,$0.03,,0,,,,,,,,
,,,,,,labour,5,hrs,87.5,437.5,$4.21,,0,,,,,,,,
,,,,,,mark up,,,100,0,$0.00,,0,,,,,,,,
,,,,,,,,,,0,$0.00,,0,,,,,,,,
,,,,,,,,,,0,$0.00,,0,,,,,,,,
,,,,,,,,,187.706,440.59,$4.24,450,535.5,,,,,,,,
134,SS170128,,Sabi Lariat Necklace,Necklace,,,,,,0,$0.00,,0,,,,,,,,
,,,,,,upcycled brass,50,gms,0.406,20.3,$0.20,,0,,,,,,,,
,,,,,,labour,3,,87.5,262.5,$2.53,,0,,,,,,,,
,,,,,,mark up,1,,100,100,$0.96,,0,,,,,,,,
,,,,,,,,,,0,$0.00,,0,,,,,,,,
,,,,,,,,,,0,$0.00,,0,,,,,,,,
,,,,,,,,,187.906,382.8,$3.68,600,714,,,,,,,,
135,SS170028N,,Contrast Channel Bangle,Bracelet,,,,,,0,$0.00,,0,,,,,,,,
,,,,,,Wire gauge 10,47,cm,1.12,52.64,$0.51,,0,,,,,,,,
,,NATURAL,,,,horn,15,gms,0.206,3.09,$0.03,,0,,,,,,,,
,,,,,,labour,6,hrs,87.5,525,$5.05,,0,,,,,,,,
,,,,,,mark up,,,150,0,$0.00,,0,,,,,,,,
,,,,,,,,,,0,$0.00,600,714,,,,,,,,
,,,,,,,,,238.826,580.73,$5.59,,0,,,,,,,,
136,SS1700044,,Double Moon Jackets,Earring,,,,,,0,$0.00,,0,,,,,,,,
,,,,,,sheet gauge 20,6.284,cm2,0.2,1.2568,$0.01,,0,,,,,,,,
,,,,,,wire gauge 13,3.8,,0.44,1.672,$0.02,,0,,,,,,,,
,,,,,,labour,3,hrs,87.5,262.5,$2.53,,0,,,,,,,,
,,,,,,mark up,1,,50,50,$0.48,,0,,,,,,,,
,,,,,,,,,,0,$0.00,,0,,,,,,,,
,,,,,,,,,138.14,315.4288,$3.04,450,535.5,,,,,,,,
137,SS170132,,Luxe Lariat Choker,Necklace,,G 9 wire,37.6,mm,1.41,53.016,$0.51,,0,,,,,,,,
,,,,,,Labour,3,hrs,87.5,262.5,$2.53,,0,,,,,,,,
,,,,,,mark up,1,,100,100,$0.96,,0,,,,,,,,
,,,,,,,,,,0,$0.00,,0,,,,,,,,
,,,,,,,,,,0,$0.00,,0,,,,,,,,
,,,,,,,,,,0,$0.00,,0,,,,,,,,
,,,,,,,,,188.91,415.516,$4.00,200,238,,,,,,,,
138,SS171023B,BLACK,Solitaire Ring,Earring,,sheet bezzle 22,6.4,cm2,0.2,,,,0,,,,,,,,
,,,,,,wire gauge 13 band,5.1,cm,0.44,,,,0,,,,,,,,
,,,,,,labour,3,,87.5,,,,0,,,,,,,,
,,,,,,mark up,1,,50,,,,0,,,,,,,,
,,,,,,,,,,,,,0,,,,,,,,
,,,,,,,,,,,,,0,,,,,,,,
,,,,,,,,,,,,400,476,,,,,,,,
140,"SS170103B2





",BLACK,NESTLING ORB PE,Necklace,,,,,,,$0.00,,0,,,,,,,,
,,,,,,Horn Bead,1,pc,50,50,$0.48,,0,,,,,,,,
,,,,,,Sheet Half Sphere,35,cm2,0.2,7,$0.07,,0,,,,,,,,
,,,,,,Labour,0.5,hrs,87.5,43.75,$0.42,,0,,,,,,,,
,,,,,,mark up,1,,50,50,$0.48,,0,,,,,,,,
,,,,,,,,,,0,$0.00,,0,,,,,,,,
,,,,,,,,,187.7,150.75,$1.45,200,238,,,,,,,,
141,"SS1700059W





",,Circle Sawa Studs,,,,,,,0,$0.00,,0,,,,,,,,
,,,,,,wire gauge 16,11,cm,0.17,1.87,$0.02,,0,,,,,,,,
,,,,,,horn ball ,1,cm,50,50,$0.48,,0,,,,,,,,
,,,,,,labour,1.5,hrs,87.5,131.25,$1.26,,0,,,,,,,,
,,,,,,mark-up,1,,50,50,$0.48,,0,,,,,,,,
,,WHITE,,,,,,,,0,$0.00,,0,,,,,,,,
,,,,,,,,,187.67,233.12,$2.24,400,476,,,,,,,,
60,SS1700047N,NATURAL,Sawa Drop Studs,,,,,,,,$0.00,,0,,,,,,,,
,,,,,,Horn Bead,1,pc,50,50,$0.48,,0,,,,,,,,
,,,,,,G10 Wire,2,cm,1.12,2.24,$0.02,,0,,,,,,,,
,,,,,,Labour,2,hrs,87.5,175,$1.68,,0,,,,,,,,
,,,,,,,,,,0,$0.00,,0,,,,,,,,
,,,,,,,,,,0,$0.00,,0,,,,,,,,
,,,,,,,,,138.62,227.24,$2.19,400,476,,,,,,,,
,,,,,,,,,,,,,0,,,,,,,,